Nuclie types, size & charge,xjh812-0
Mass Energy Equivalence Einstien,xjh812-0
Nuclear Binding energy,xjh812-0
Nuclear Binding energy per nucleon,xjh812-0
Nuclear force,xjh812-0
Numericals-01,xjh812-0
Numericals-02,xjh812-0
Radioactivity,xjh812-0
Nuclear Stability,xjh812-0
Radio Active Decay,xjh812-0
Life of radioactive decay,xjh812-0
Numericals-03,xjh812-0
Alpha radioactive decay,xjh812-0
Beta radioactive decay,xjh812-0
Gamma radioactive decay,xjh812-0
Nuclear Energy,xjh812-0
Nuclear fission controlled & un-controlled,xjh812-0
Application fission : Nuclear reactor,xjh812-0
Nuclear fusion & energy generation in sun,xjh812-0
Numericals-04,xjh812-0
Numericals-05,xjh812-0
Numericals-06,xjh812-0
Numericals-07,xjh812-0