Class 12,Class 12-Physics,Class 12-Physics:Wave Optics,Introduction
Class 12,Class 12-Physics,Class 12-Physics:Wave Optics,Light wave or Particle- Newton
Class 12,Class 12-Physics,Class 12-Physics:Wave Optics,Light wave or Particle- Huygens
Class 12,Class 12-Physics,Class 12-Physics:Wave Optics,Conclusion- Light wave or Particle
Class 12,Class 12-Physics,Class 12-Physics:Wave Optics,Terminologies Waves
Class 12,Class 12-Physics,Class 12-Physics:Wave Optics,Wavefront
Class 12,Class 12-Physics,Class 12-Physics:Wave Optics,Huygens principle
Class 12,Class 12-Physics,Class 12-Physics:Wave Optics,Reflection of plane waves- Huygens1
Class 12,Class 12-Physics,Class 12-Physics:Wave Optics,Refraction of plane waves- Huygens2
Class 12,Class 12-Physics,Class 12-Physics:Wave Optics,Reflection and refraction Examples
Class 12,Class 12-Physics,Class 12-Physics:Wave Optics,Coherent and incoherent source
Class 12,Class 12-Physics,Class 12-Physics:Wave Optics,Superimposition of waves
Class 12,Class 12-Physics,Class 12-Physics:Wave Optics,Coherent and incoherent addition of waves
Class 12,Class 12-Physics,Class 12-Physics:Wave Optics,Interference
Class 12,Class 12-Physics,Class 12-Physics:Wave Optics,Youngs double slit experiment
Class 12,Class 12-Physics,Class 12-Physics:Wave Optics,Fringe pattern
Class 12,Class 12-Physics,Class 12-Physics:Wave Optics,Young double slit experiment discussion
Class 12,Class 12-Physics,Class 12-Physics:Wave Optics,Sustained interference
Class 12,Class 12-Physics,Class 12-Physics:Wave Optics,Youngs double split- Numerical
Class 12,Class 12-Physics,Class 12-Physics:Wave Optics,Youngs Single slit Experiment
Class 12,Class 12-Physics,Class 12-Physics:Wave Optics,Resolving power of Microscope
Class 12,Class 12-Physics,Class 12-Physics:Wave Optics,Validity of Wave Optics
Class 12,Class 12-Physics,Class 12-Physics:Wave Optics,Numerical
Class 12,Class 12-Physics,Class 12-Physics:Wave Optics,Polarizing and unpolarized light wave
Class 12,Class 12-Physics,Class 12-Physics:Wave Optics,Polarization definition
Class 12,Class 12-Physics,Class 12-Physics:Wave Optics,Application of Polaroid
Class 12,Class 12-Physics,Class 12-Physics:Wave Optics,Image formation by lens
Class 12,Class 12-Physics,Class 12-Physics:Wave Optics,Polarization by reflection and Refraction